geo,name,1961,1962,1963,1964,1965,1966,1967,1968,1969,1970,1971,1972,1973,1974,1975,1976,1977,1978,1979,1980,1981,1982,1983,1984,1985,1986,1987,1988,1989,1990,1991,1992,1993,1994,1995,1996,1997,1998,1999,2000,2001,2002,2003,2004,2005,2006,2007,2008,2009,2010,2011,2012,2013,2014,2015,2016,2017,2018,2019,2020,2021,2022,2023,2024
afg,Afghanistan,,,,,,,,,,,,,,,,,,,,,,,,,,,,,,,,,,,,,,,,5.3,,,10.3,,13.6,18.6,,22.8,,21.8,21.23951,,,,22.5,,,,,,,,,
ago,Angola,,,,,,,,,,,,,,,,,,,,,,,,,,,,,,,,,,,,8.1,,,,,6.271,,,,,,,,20,,,,,,,13.7,,,,,,,,
alb,Albania,,,,,,,,,,,,,,,,,,,,,,,,,,,,,,,,,,,,,,,,57.5451,,75.1,,,60.12269,,,,69.3,,,,,,,,,46,,,,,,
are,UAE,,,,,,,,,,,,,,,,,,,,,,,,,,,,,,,,,,,27.5,,,,,,,,,,,,,,,,,,,,,,,,,,,,,
arg,Argentina,,,,,,,,,,,,,,,,,,,,,,,,,,,,,,,,,,,,,,,,,,,,,,,,,,,,,72.37021,,,,,,,70.10271,,,,
arm,Armenia,,,,,,,,,,,,,,,,,,,,,,,,,,,,,,,56,,,,,,,,,60.5,,,,,53.1,,,,,54.9,,,,,57.1492,57.1,,,,,,,,
atg,Antigua and Barbuda,,,,,,,,,,,,,,,,,,,,,48.2,,,,,,,52.6,,,,,,,,,,,,,,,,,,,,,,,,,,,,,,,,,,,,
aus,Australia,,,,,,,,,,,,,,,,,,,,,,,,,,76.1,,,,,,,,,,,,,,,,,,,,65.162,,,61.96,,,67.75,,,,66.93,,,,,,,,
aut,Austria,,,,,,,,,,,,,,,,,,,,,,,,,,,,,,,,,,,,51.03079,,,,,,,,,,,,,69.6,,,,65.65257,,,,,,,,,,,
aze,Azerbaijan,,,,,,,,,,,,,,,,,,,,,,,,,,,,,,,,,,,,,,,,55.07484,55.4,,,,,51.1,,,,,54.9,,,,,,,,,,,,,
bdi,Burundi,,,,,,,,,,,,,,,,,,,,,,,,,,,8.7,,,,,,,,,,,,,15.68627,,20,,,9.10705,,,,22.7,21.9,,31.7,,,,28.54434,28.5,,,,,,,
bel,Belgium,,,,,,72,,,,,,,,,,87,,,,,,,81,,,,,,,,,78.38645,,,,,,,,,,,,,,,,,,73.7,,,66.75317,,,,,66.7,,,,,,
ben,Benin,,,,,,,,,,,,,,,,,,,,,,6.6,,,,,,,,,,,,,,16.4,,,,,18.6,,,,,17,,,,,,12.9,,17.86317,,,,15.5,,,,22.4,,
bfa,Burkina Faso,,,,,,,,,,,,,,,,,,,,,,,,,,,,,,,,,24.9,,,,,,11.9,,,,13.8,,,17.4709,,,,16.2,,,,18.40272,21.22557,25.3519,25.71488,,32.50797,29.63163,33.8,33.96274,,
bgd,Bangladesh,,,,,,,,,,,,,,,,7.9,,,,12.1,18.6,,,19.1,,25.3,,,31.4,,39.9,,,44.9,,,49.8,,,54.3,50.2,,,58.5,,,55.8,,,,61.2,,61.75754,62.4,,62.8,,61.9,62.70177,,,64,,
bgr,Bulgaria,,,,,,,,,,,,,,,,75.1,,,,,,,,,,,,,,,,,,,85.9,,,63.4,,,,,,,64.4,,70.1,,,,,,,,,,,,,,,,,
bhr,Bahrain,,,,,,,,,,,,,,,,,,,,,,,,,,,,,53.8,,,,,,61.8,,,,,53.4,,,,,,,,,,,,,,,,,,,,,,,,
bhs,Bahamas,,,,,,,,,,,,,,,,,,,,,,,,,,,,61.73,,,,,,,,,,,,,,,,,,,,,,,,,,,,,,,,,,,,
bih,Bosnia and Herzegovina,,,,,,,,,,,,,,,,,,,,,,,,,,,,,,,,,,,,,,,,47.45556,,,,,,35.70884,,,,,,46.01743,,,,,,,,,,,,
blr,Belarus,,,,,,,,,,,,,,,,,,,,,,,,,,,,,,,,,,,50.4,,,,,,,,,,72.60969,,,,,,,63.0579,,,,,71.15,,52.6,,,,,
blz,Belize,,,,,,,,,,,,,,,,,,,,,,,,,,,,,,,46.87179,,,,,,,,56.1,,,,,,,,,,,,55.15686,,,,,51.35966,,,,,,,,
bol,Bolivia,,,,,,,,,,,,,,,,,,,,,,,,,,,,,30.3,,,,,45.3,,,,48.3,,53.43939,,,58.4,,,,,60.6,,,,,,,,66.5,,,,,,,,
bra,Brazil,,,,,,,,,,,,,,,,,,,,,,,,,,66.2,,,,,,,,,,76.7,,,,,,,,,,,80.6,,,,,,80.2005,,,,,,,,,,,
brb,Barbados,,,,,,,,,,,,,,,,,,,,,46.54335,,,,,,,55,,,,,,,,,,,,,,,,,,,,,,,,59.20685,,,,,,,,,,,,
btn,Bhutan,,,,,,,,,,,,,,,,,,,,,,,,,,,,,,,,,,,,,,,,30.7,,,,,,,,,,65.6041,,,,,,,,,,,,,,
bwa,Botswana,,,,,,,,,,,,,,,,,,,,,,,,19.3,,,,33,,,,,,,,47.20554,,,,44.4,,,,,,,69.7,,,,,,,,,,67.4,,,,,,,
caf,Central African Republic,,,,,,,,,,,,,,,,,,,,,,,,,,,,,,,,,,,14.8,,,,,27.94274,,,,,,19.01581,,,,15.18044,,,,,,,,,17.8,,,,,
can,Canada,,,,,,,,,,,,,,,,,,,,,,,,73.1,,,,,,,,,,,74.71441,,,80,,,,,,,,,,,,,,,,,,,,,,,,,,
che,Switzerland,,,,,,,,,,,,,,,,,,,,71.2,,,,,,,,,,,,,,,82.00751,,,,,,,,,,,,,,,,,72.9594,,,,,71.6,,,,,,,
chl,Chile,,,,,,,,,,,,,,,,,,,,,,,,,,,,,,,,,,,,,,,,,,,,,,64.2,,,,,,,,,,76.26352,,,,,,,,
chn,China,,,,,,,,,,,,,,,,,,,,,,,,,,,,,,,,,,,,,83.8,,,,86.9,,,,,84.6,,,,,,,,,,,84.5,,,,,,,
civ,Cote d'Ivoire,,,,,,,,,,,,,,,,,,,,,2.9,,,,,,,,,,,,,11.4,,,,,15,,,,,,,14.6051,,,,,,18.2,,,,15.49989,22.26719,21.48806,,25.53733,21,31.97116,,
cmr,Cameroon,,,,,,,,,,,,,,,,,,2.2,,,,,,,,,,,,,16.1,,,,,,,19.3,,25.20527,,,,26,,29.20094,,,,,23.4,,,34.3424,,,,19.3,,,,,,
cod,"Congo, Dem. Rep.",,,,,,,,,,,,,,,,,,,,,,,,15.4,,,,,,,7.7,,,,,,,,,,31.38955,,,,,,20.6,,,17.7232,,,,20.4,,,,28.12869,,,,,,
cog,"Congo, Rep.",,,,,,,,,,,,,,,,,,,,,,,,,,,,,,,,,,,,,,,,,,,,,44.3,,,,,,,44.7,,,30.11949,,,,,,,,,
col,Colombia,,,,,,,,,20.5,,,,,,,42.5,,,,48.5,,,,,,64.8,,,,66.1,,,,,72.2,,,,,76.9,,,,,78.2,,,,,79.1,,,,,81,,,,,,,,,
com,Comoros,,,,,,,,,,,,,,,,,,,,,,,,,,,,,,,,,,,,21,,,,25.83913,,,,,,,,,,,,19.4,,,,,,,,,,11.6,,
cpv,Cape Verde,,,,,,,,,,,,,,,,,,,,,,,,,,,,,23.8,,,,,,,,,52.9,,,,,,,61.3,,,,,,,,,,,,,55.8,,,,,,
cri,Costa Rica,,,,,,,,,,,,,,,,64.4,,63.5,,,65.2,,,,,69,,,,,,,75,,,,,,80,,,,,,,,,,,82.1,76.24779,,,,77.8,,,70.9,,,,,,
cub,Cuba,,,,,,,,,,,,,,,,,,,,,,,,,,,70,,,,,,,,,,,,,73.3,,,,,,,,,,,74.31549,,,73.71987,,,,,69.09514,,,62.1,,
cze,Czech Republic,,,,,,,,,,66,,,,,,,,,,,,,,,,,,,,,,,68.9,,,,72.3,,,,,,,,78.2,,,86.3,,,,,,,,,,,,,,,,
deu,Germany,,,,,,,,,,70.08333,,82.17683,,,,,,,,,,,,,77.9,,,,,,,69.95551,,,,,,,,,,,,,68.4,,,50.4,,,80.3,,,,,,,,,,,,,
dji,Djibouti,,,,,,,,,,,,,,,,,,,,,,,,,,,,,,,,,,,,,,,,,,9,,,,17.83383,,,,,,19,,,,,,,,,,,,
dma,Dominica,,,,,,,,,,,,,,,,,,,,,62.3,,,,,,49.8,,,,,,,,,,,,,,,,,,,,,,,,,,,,,,,,,,,,,
dnk,Denmark,,,,,,,,,,67,,,,,63,,,,,,,,,,,,,,,,,,76.5,,,,,,,,,,,,,,,,,,,,,,,,,,,,,,,
dom,Dominican Republic,,,,,,,,,,,,,,,31.8,,,,,42,,,39.3,,,49.8,,,,,56.4,,,,,63.7,,,69.2,64.68123,,69.8,,,,61.3,72.9,,,73,,,71.9,69.50153,,,,,62.77799,,,,,
dza,Algeria,,,,,,,,,,,,,,,,,,,,,,,,,,,35.8,,,,,50.7,,,56.9,,,,,64,,57,,,,61.4,,,,,,,57.12174,,,,,,53.6,,,,,
ecu,Ecuador,,,,,,,,,,,,,,,,,,,35,,,39.2,,,,,44.3,,52.9,,,,,56.8,,,,,66.3,,,,,72.7,,,,,,,,80.1,,74.70067,,,,77.85004,,,,,,
egy,Egypt,,,,,,,,,,,,,,,24.9,,,,,31.4,,,,30.3,,,,37.8,,,47.6,47.1,,,47.9,,54.5,51.8,,56.1,,,60,,59.2,,,60.3,,,,,,58.5,,,,,,,,,,
eri,Eritrea,,,,,,,,,,,,,,,,,,,,,,,,,,,,,,,,,,,8,,,,,,,8,,,,,,,,8.7,,,,,,,,,,,,,,
esp,Spain,,,,,,,,,,,,,,,,,47.1,,,,,,,,62.14189,,,,,,,,,,81.1,,,,71.9187,,,,,,,65.7,,,70.09497,,,,,,,,,62.0757,,,,,,
est,Estonia,,,,,,,,,,,,,,,,,,,,,,,,,,,,,,,,,,61.14225,,,,,,,,,,,63.4,66.71694,,,,64.11905,,,,75.09787,,,,,,,,,,
eth,Ethiopia,,,,,,,,,,,,,,,,,,,,,,,,,,,,,,4.8,,,,,,,3.3,,,8.1,,,,,14.7,,,,,,28.6,,,42,36.90152,35.9,36.28697,40.00006,41.4,37.7,36.07056,,,
fin,Finland,,,,,,,,,,,,,,,,,,,,,,,,,,,,,,77.42222,,78.84615,,,,,,,79.4702,,,,,,,,74.22222,,,,,,,,85.47486,,,,,,,,,
fji,Fiji,,,,,,,,,,,,,,40.9,,,,,,,,,,,,,,,,,,,,,,,,,,,,,,,,,,,,,,,,,,,,,,,35.4,,,
fra,France,,,,,,,,,,,,,,,,,,78.7,,,,,,,,,,81.2,,,,,,74.6,,,,,,,,,,,76.6,,,75,,78.4,,,,,,,,,,,,,,
gab,Gabon,,,,,,,,,,,,,,,,,,,,,,,,,,,,,,,,,,,,,,,,32.7,,,,,,,,,,,,31.1,,,,,,,,,24.8,,,
gbr,UK,,,,,,,,,,,,,,,,,,,,,,,,,,81,,,,,,,82,,,,,83,76,80,87.7,,84,84,82,82,,,84,,,76.1,,,,,,,,,,,,
geo,Georgia,,,,,,,,,,,,,,,,,,,,,,,,,,,,,,,,,,,,,,,40.5,,,,,,31.54265,45.9,,,32.2,53.4,,,,,,,,39.25738,,,,,,
gha,Ghana,,,,,,,,,,,,,,,,,,,,9.5,,,,,,,,12.9,,,,,20.3,,,,,22,,,,,25.2,,,16.63177,,23.5,,,34.69978,,19.56995,26.7,32.88219,28.1964,30.8,27.24443,,,,36.3,,
gin,Guinea,,,,,,,,,,,,,,,,,,,,,,,,,,,,,,,,1.7,,,,,,,6.2,,,,,,9.1,,,,,,,5.6,,,,8.64023,,10.9,,,,,,
gmb,Gambia,,,,,,,,,,,,,,,,,,,,,,,,,,,,,,11.8,,,,,,,,,,9.49189,17.5,,,,,,,,,13.28851,,,9,,,,,16.68179,,18.9,,,,
gnb,Guinea-Bissau,,,,,,,,,,,,,,,,,,,,,,,,,,,,,,,,,,,,,,,,7.6435,,,,,,10.26961,,,,14.2,,,,15.96114,,,,,21.2015,,,,,
gnq,Equatorial Guinea,,,,,,,,,,,,,,,,,,,,,,,,,,,,,,,,,,,,,,,,8.6334,,,,,,,,,,,12.6,,,,,,,,,,,,,
grc,Greece,,,,,,,,,,,,,,,,,,,,,,,,,,,,,,,,,,,,,,,61.3,,,,,,,,,,,,,,,,,,,,,,,,,
grd,Grenada,,,,,,,,,,,,,,,,,,,,,,,,,31,,,,,54.3,,,,,,,,,,,,,,,,,,,,,,,,,,,,,,,,,,
gtm,Guatemala,,,,,,,,,,,,,,,,,,18.2,,,,,25,,,,23.2,,,,,,,,31.4,,,,38.2,,,43.3,,,,,,,54.1,,,,,,60.6,,,,,,,,,
guy,Guyana,,,,,,,,,,,,,,,29.5,,,,,,,,,,,,,,,,,38.2,,,,,,,,37.2924,,,,,34.6,,34.16822,,42.5,,,,,33.89189,,,,,,29.87714,,,,
hnd,Honduras,,,,,,,,,,,,,,,,,,,,,26.9,,,34.9,,,40.6,,,,,46.7,,,,49.2,,,,,61.77494,,,,,65.2,,,,,,73.2,,,,,,,69.37368,,,,,
hti,Haiti,,,,,,,,,,,,,,,,,18.9,,,,,,6.9,,,,6.7,,10.2,,,,,,18,,,,,28.1,,,,,,32,,,,,,34.5,,,,,34.3,,,,,,,
hun,Hungary,,,,,,66.6,,,67,,,73,,74,76,,73.1,,,,,,,,,73.1,,,,,,,80.68478,,,,,,,,,,,,,,,,61.8,,,,,,,,,,,,,,,
idn,Indonesia,,,,,,,,,,,,,8.6,,,26.3,,,31.2,,,,,,38.51624,,47.7,,,,49.7,,53.1,54.7,54.2,54.2,57.4,55.4,55.4,54.8,52.5,54.2,60.3,56.7,57.9,57.9,61.4,56.6,60.6,61,61.3,61.9,62,61.6,60,59.4,63.6,,52.5,52.7,51.9,52.4,52.6,
ind,India,,,,,,,,,,,13.6,,,,,,,,,,35.3,,,,,,,44.9,,,,,40.7,,,,,,48.2,46.9,,,,53,54.4,56.3,,54.8,,,,,,,,53.5,,,,,66.7,,,
irl,Ireland,,,,,,,,,,,,,,,,,,,,,,,,,,,,,,,,,,,,,,,,,,,,73.69048,64.8,,,,,73.26266,,,,,,,,,,,,,,
irn,Iran,,,,,,,,,,,,,,,,,36,,,,,,,,,,,,48.9,,,64.6,67.8,70,72.8,73.7,72.9,,,73.8,,73.33968,,,,,,,,77.4,,,,,,,,,,,,,,
irq,Iraq,,,,,,,,,,,,,,14.5,,,,,,,,,,,,,,,13.7,,,,,,,,,,,43.52311,,,,,,49.84757,,,,,52.45781,,,,,,,52.78882,,,,,,
isr,Israel,,,,,,,,,,,,,,,,,,,,,,,,,,,,68,,,,,,,,,,,,,,,,,,,,,,,,,,,,,,,,,,,,
ita,Italy,,,,,,,,,,,,,,,,,,,,,,,,,,,,,,,,,,,,62.65563,,,,,,,,,,,,,,,,,65.1,,,,,,,,,,,
jam,Jamaica,,,,,,,,,,,,,,,,38.3,,,54.9,,,,51.4,,,,,,54.6,,,,61.99273,,,,65.72808,,,,,,69.1,,,,,72.5,,,,,,,,,,,,,,60.6,,
jor,Jordan,,,,,,,,,,,,26.1,,,,25.2,,,,,,,26,,,,,,,40,,,,,,,52.6,,,,,55.8,,,,,56.8,,59.3,,,61.2,,,,,,51.8,,,,,60.1,
jpn,Japan,42,,44.6,,55.5,,53,,52.1,,52.6,,59.3,,60.5,,60.4,,62.2,,,,,57.3,,62.8,64.5,56.3,,57.9,,64,,58.6,,56.6,60.4,54.1,,55.9,,,,52,54.3,,,,,,,,,54.7303,39.8,,,,,,58.33839,,,
kaz,Kazakhstan,,,,,,,,,,,,,,,,,,,,,,,,,,,,,,,,,,,59.1,,,,66.1,,,,,,,50.70394,,,,,50.99604,,,,55.694,,,52.98,,,,,,
ken,Kenya,,,,,,,,,,,,,,,,,,7,,,,,,17,,,,,26.9,,,,32.7,,,,,39,,,,,39.3,,,,,,45.5,,,,,58,64.07891,61.17415,59.96824,61.92099,59.80065,65.11621,64.7,62.5,,
kgz,Kyrgyz Republic,,,,,,,,,,,,,,,,,,,,,,,,,,,,,,,,,,,,,59.5,,,,,,,,,47.76111,,,,,,36.3,,41.91865,,,,39.37634,,,,,,
khm,Cambodia,,,,,,,,,,,,,,,,,,,,,,,,,,,,,,,,,,,12.6,,,21.8,,23.8,,,,,40,,,,,50.5,,,,56.3,,,,,,,,61.9,,
kir,Kiribati,,,,,,,,,,,,,,,,,,,,,,,,,,,,,,,,,,,,,,,,40.7,,,,,,,,20,22.3,,,,,,,,,,33.6,,,,,
kna,St. Kitts and Nevis,,,,,,,,,,,,,,,,,,,,,,,,40.6,,,,,,,,,,,,,,,,,,,,,,,,,,,,,,,,,,,,,,,,
kor,South Korea,,,,,16,20,,,,,24.24048,,,34.9,,44.2,,,54.5,,,57.7,,,70.4,,,77.1,,,79.4,,,77.4,,,80.5,,,79.3,,,84.5,,80.2,79.6,,,80,,,77.1,,,79.6,,,82.3,,,84.22,,,
kwt,Kuwait,,,,,,,,,,,,,,,,,,,,,,,,,39,,34.6,,,,,,,49.8,,50.2,,,52,,,,,,,,,,,,,,,,,,,,,,,,,
lao,Lao,,,,,,,,,,,,,,,,,,,,,,,,,,,,,,,,,18.6,,20,,,,,32.2,,,,,38.4,,,,,,,49.6462,,,,,56.2758,,,,,,,
lbn,Lebanon,,,,,,,,,,,53,,,,,,,,,,,,,61.7,,,,,,,,,,,,61.1,,,,62.7,,,,58,,,,,54.5,,,,,,,,,,,,,,,
lbr,Liberia,,,,,,,,,,,,,,,,,,,,,,,,,,6.4,,,,,,,,,,,,,,,,,,,,,11.4,,,,,,20.2,,,,,,,24.9,,,,
lby,Libya,,,,,,,,,,,,,,,,,,,,,,,,,,,,,,,,,,,45.2,,,,,,,,44.5,,,,41.9,,,,,,,27.7,,,,,,,,,,
lca,St. Lucia,,,,,,,,,,,,,,,,,,,,,52.2,,,,,,,47.3,,,,,,,,,,,,,,,,,,,,,,,,55.47194,,,,,,,,,,,,
lka,Sri Lanka,,,,,,,,,,,,,,,34.4,,48.6,,,,,57.8,,,,,61.7,,,,,,66.1,,,,,,,70,,,,,,,68.4,,,,,,,,,64.6,,,,,,,,
lso,Lesotho,,,,,,,,,,,,,,,,,6,,,,,,,,,,,,,,,,,,28.6,,,,,30.43133,40.6,38,,37.3,,,,,47,,63.42278,,,60.2,,,,64.93057,,,,,,67.4
ltu,Lithuania,,,,,,,,,,,,,,,,,,,,,,,,,,,,,,,,,,,50.70883,,,,,,,,,,,65.1,,,68.58006,,,,,,,,,,,,,,,
lva,Latvia,,,,,,,,,,,,,,,,,,,,,,,,,,,,,,,,,,,67.8925,,,,,,,,,,,,,,,,,,,,,,,,,,,,,
mar,Morocco,,,,,,,,,,,,,,,,,,,,19.4,,,,25.5,,,35.8,,,,,41.5,,,50.3,,58.4,,,,,,,63,,,,,,,67.4,,,,,,,70.8,,,,,,
mda,Moldova,,,,,,,,,,,,,,,,,,,,,,,,,,,,,,,,,,,,,73.7,,,62.39323,,,,,67.8,,,,,,,59.45507,,,,,,,,56,,,,
mdg,Madagascar,,,,,,,,,,,,,,,,,,,,,,,,,,,,,,,,16.7,,,,,19.4,,25,18.84127,,,,27.1,,,,,39.9,,,,39.8,,,,47.9,44.38885,,,49.7,,,
mdv,Maldives,,,,,,,,,,,,,,,,,,,,,,,,,,,,,,,29,,,,,,,,42,,,,,39,,,,,34.7,,,,,,,,18.8,,,,,,,
mex,Mexico,,,,,,,,,,,,,,,,,30.3,40,37.8,,,47.7,,,,,52.7,,,,,63.1,,,66.5,,68.4,,,,,,74.5,,,70.9,,,72.5,,,,,72.3,66.90079,,,73.10006,,,,,71.84825,
mhl,Marshall Islands,,,,,,,,,,,,,,,,,,,,,,,,,,,,,,,,,,,,,,,,,,,,,,,44.6,,,,,,,,,,,,,,,,,
mkd,North Macedonia,,,,,,,,,,,,,,,,,,,,,,,,,,,,,,,,,,,,,,,,,,,,,,,,,,,40.37709,,,,,,,,59.86764,,,,,
mli,Mali,,,,,,,,,,,,,,,,,,,,,,,,,,,4.7,,,,,,,,,6.7,,,,,8.1,,,,,8.2,,,,9.79894,,,10.3,,15.57167,,,17.2,,,,,,
mlt,Malta,,,,,,,,,,,87,,,,,,,,,,,,,,,,,,,,,,85.8,,,,,,,,,,,,,,,,,,,,,,,,,,,,,,,
mmr,Myanmar,,,,,,,,,,,,,,,,,,,,,,,,,,,,,,,16.8,,,,,,32.7,,,,32.5,,,,,,41,,,,,,,,,52.2,,,,,,,,
mne,Montenegro,,,,,,,,,,,,,,,,,,,,,,,,,,,,,,,,,,,,,,,,52.7,,,,,,39.58535,,,,,,,23.2021,,,,,20.7,,,,,,
mng,Mongolia,,,,,,,,,,,,,,,,,,,,,,,,,,,,,,,,,,,,57.3,,59.9,,67.36821,,,69,,65.97498,,,55.2,,,54.90591,,54.58329,,,,,48.13488,,,,,,
moz,Mozambique,,,,,,,,,,,,,,,,,,,,,,,,,,,,,,,,,,,,,5.6,,,,,,16.5,,,,,16.19194,11.6,,11.6,,,,27.1,,,,,,,,26.4,
mrt,Mauritania,,,,,,,,,,,,,,,,,,,,,0.8,,,,,,,,,,4.1,,,,,,,,,,8,,,,,,9.3,,,,11.4,,,,17.8,,,,,,14.3,,,
mus,Mauritius,,,,,,,,,,,,,,,,,,,,,,,,,79.5,,,,,,74.6,,,,,,,,,,,75.9,,,,,,,,,,,,63.8,,,,,,,,,,
mwi,Malawi,,,,,,,,,,,,,,,,,,,,,,,,6.9,,,,,,,,13,,,,21.9,,,,30.6,,,,32.5,,41.01628,,,,46.1,,,,58.59982,,59.2,,,,65.61312,,,,
mys,Malaysia,,,,,,,8.7,,,,,,,33,,,,,,,,,,,51.4,,,48.3,,,,,,55.1,,,,,,,,,,49,,,,,,,,,,52.2,,,,,,,,42.8,,
nam,Namibia,,,,,,,,,,,,,,,,,,,,,,,,,,,,,40.9,,,28.9,,,,,,,,43.7,,,,,,,55.1,,,,,,56.1,,,,,,,,,,,
ner,Niger,,,,,,,,,,,,,,,,,,,,,,,,,,,,,,,,4.4,,,,,,8.2,,13.96975,,,,,,11.2,,,,,,13.9,,,14.7,16.98618,11.1,,,,11,14.57472,15.25648,
nga,Nigeria,,,,,,,,,,,,,,,,,,,,,,6.8,,,,,,,,6,,,,,,,,,15.19093,,,,12.6,,,,14.67709,14.6,,,17.54732,13.5,15.1,,,22.12029,13.39285,16.6,,,21.6,,,
nic,Nicaragua,,,,,,,,,,,,,,,,,,,,,27,,,,,,,,,,,,48.74,,,,,60.3,,,68.6,,,,,,72.44179,,,,,80.4,,,,,,,,,,,,
nld,Netherlands,,,,,,,,,59,,,,,,75,,,,,,,76.82063,,,,,,76.27049,,,,,78.4683,,,,,75,,,,,75,,,,,75,,,,,73,,,,,,,,,,,
nor,Norway,,,,,,,,,,,,,,,,,,,,,,,,,,,,,73.84366,,,,,,,,,,,,,,,,,,,,,,,,,,,,,,,,,,,
npl,Nepal,,,,,,,,,,,,,,,,2.4,,,,,6.8,,,,,15.1,,,,,,24.1,,,,28.5,,,,37.3,39.3,,,38.3,,48,,,,,49.7,,,49.62672,,52.6,,,46.66812,,,57.2,,
nru,Nauru,,,,,,,,,,,,,,,,,,,,,,,,,,,,,,,,,,,,,,,,,,,,,,,35.6,,,,,,,,,,,,,,,,,
nzl,New Zealand,,,,,,,,,,,,,,,,70.1,,,,,,,,,,,,,,,,,,,74.33735,,,,,,,,,,,,,,,,,,,,,,,,,,,,,
omn,Oman,,,,,,,,,,,,,,,,,,,,,,,,,,,,,8.6,,,,,,23.7,,,,,31.7,,,,,,,,24.4,,,,,,29.7,,,,,,,,,,
pak,Pakistan,,,,,,,,,5.5,,,,,,5.4,,,,,3.3,,,,,9.1,,,,,,11.8,,21.9,,17.8,13,23.9,,17,,27.6,,32.1,,,26,29.6,27,,,,29,35.4,32,,,,34.2,34,,,,,
pan,Panama,,,,,,,,,,,,,,,,53.9,,,60.6,,,,,58.2,,,,,,,,,,,,,,,,,,,,,,,,,62.5,,,,62.83117,,50.8,,,,,,,,,
per,Peru,,,,,,,,,,26,,,,,,,,31.4,,,41,,,,,45.8,,,,,,59,,,,64.2,,,,68.9,,,,,,71.3,,72.4,73.2,74.4,75.4,75.5,74,74.6,74.6,76.2,75.4,76.3,75.9,77.4,78.1,77.95,77.3,
phl,Philippines,,,,,,,,,,,,,,,,,,36.2,,,,,,,,,,,,,,,40,,50.7,48.1,47,47.8,49.3,47,49.5,48.8,48.9,49.3,49.3,50.6,,50.7,,,48.9,,55.1,,,,54.3,,,,,58.3,,
png,Papua New Guinea,,,,,,,,,,,,,,,,,,,,,,,,,,,,,,,,,,,,25.9,,,,,,,,,,32.4,,,,,,,,,,,,36.7,,,,,,
pol,Poland,,,,,,,,,,,,60,,,,,75,,,,,,,,,,,,,,72.75405,,,,,,,,,,,,,,,,,,,,50.5,,,63.2,,,,,,,,,,
prk,North Korea,,,,,,,,,,,,,,,,,,,,,,,,,,,,,,,,61.9,,,,,67.3,,,,,68.6,,67.6,,69.1,,,,70.6,,,,78.2,,,70.2,,,,,,,
prt,Portugal,,,,,,,,,,,,,,,,,,,,76.25,,,,,,,,,,,,,,,,,,,,,,,,,,85.10853,,,,,,,,73.88699,,,,,,,,,,
pry,Paraguay,,,,,,,,,,,,,,,,,28.6,,37.7,,,,,,,,44.8,,,48.4,,,,,,55.9,,62.3,,,,,,72.8,,,,79.4,,,,,,,,68.35989,,,,,,,,
pse,Palestine,,,,,,,,,,,,,,,,,,,,,,,,,,,,,,,,,,,,45.2,,,,51.4,,,,50.8,,50.2,,,,52.52324,,,,57.16261,,,,,,57.3,,,,
qat,Qatar,,,,,,,,,,,,,,,,,,,,,,,,,,,32.3,,,,,,,,,,,43.2,,,,,,,,,,,,,,37.52185,,,,,,,,,,,,
rou,Romania,,,,,,,,,,,,,,,,,,,,,,,,,,,,,,,,,57.3,,,,,,63.8,,,,,70.3,69.8,,,,,,,,,,,,,,,,,,,
rus,Russia,,,,,,,,,,,,,,,,,,,,,,,,,,,,,,,,,62.5,66.8,63.4,65.3,,,,,,,,68.5,,,63,,,64.9,68,,,,,,,,,,,,,
rwa,Rwanda,,,,,,,,,,,,,,,,,,,,,,,11,,,,,,,,,21.2,,,,,,,,13.2,,,,,17.4,,,36.4,,51.6,,,,,53.2,,,,,64.1,,,,
sau,Saudi Arabia,,,,,,,,,,,,,,,,,,,,,,,,,,,,,,,,,,,,,31.8,,20.8,,,,,,,,23.8,,,,,,,,,24.64637,,,27.6,,,,39.99219,
sdn,Sudan,,,,,,,,,,,,,,,,,,,4.6,,,,,,,,,,,8.7,,,9.9,,,,,,7,,,,,,,9.5,,,,9.05534,,,,12.77805,,,,,,,,,,
sen,Senegal,,,,,,,,,,,,,,,,,,3.9,,,,,,,,11.3,,,,,,,7.5,,,,12.9,,10.5,,,,,,11.8,,,,,,13.1,,17.8,22.2,23.3,25.1,27.8,27.1,26.9,,,,26.5,
sgp,Singapore,,,,,,,,,,,,,60.1,,,,71.3,,,,,74,,,,,67,,,,,65,,,,,62,,,,,,,,,,,,,,,,,,,,,,,,,,,
slb,Solomon Islands,,,,,,,,,,,,,,,,,,,,,,,,,,,,,,,,,,,,,,,,,,,,,,,34.6,,,,,,,,29.3,,,,,,,,,
sle,Sierra Leone,,,,,,,,,,,,,,,,,,,,,,,,,,,,,,,,,,,,,,,,4.28433,,,,,,5.25362,,8.2,,11.01262,,,16.6,,,,22.52056,,21.2,,,,,
slv,El Salvador,,,,,,,,,,,,,,,21.6,,,34.4,,,,,,,47.3,,,47.1,,,,,53.3,,,,,59.7,,,,,67.3,,,,,72.5,,,,,,71.83257,,,,,,,53.6,,,
som,Somalia,,,,,,,,,,,,,,,,,,,,,,,,,,,,,,,,,,,,,,,,7.9,,,,,,14.59528,,,,,,,,,,,,,6.9,,,,,
srb,Serbia,,,,,,,,,,,,,,,,,,,,,,,,,,,,,,,,,,,,,,,,58.7,,,,,,41.29241,,,,60.8352,,,,58.39363,,,,,62.2959,,,,,
ssd,South Sudan,,,,,,,,,,,,,,,,,,,,,,,,,,,,,,,,,,,,,,,,,,,,,,3.5,,,,4.0006,,,,,,,,,,,,,,
stp,Sao Tome and Principe,,,,,,,,,,,,,,,,,,,,,,,,,,,,,,,,,,,,,,,,29.28015,,,,,,30.7,,,38.4,,,,,40.48463,,,,,49.68205,,,,,
sur,Suriname,,,,,,,,,,,,,,,,,,,,,,,,,,,,,,,,,,,,,,,,42.13615,,,,,,45.64333,,,,47.60298,,,,,,,,39.12159,,,,,,
svn,Slovenia,,,,,,,,,,,,,,,,,,,,,,,,,,,,,,,,,,,78.88382,,,,,,,,,,,,,,,,,,,,,,,,,,,,,
swz,Eswatini,,,,,,,,,,,,,,,,,,,,,,,,,,,,19.9125,,,,,,,,,,,,27.80594,,,,,,,50.6,,,65.19109,,,,66.14128,,,,,,,,57.7,,
syr,Syria,,,,,,,,,,,,,,,,,,29.5,,,,,,,,,,,,,,,39.6,,,,,,,,46.6,,,,,58.29429,,,53.9,,,,,,,,,,,,,,,
tcd,Chad,,,,,,,,,,,,,,,,,,,,,,,,,,,,,,,,,,,,,4.1,,,7.86801,,,,11.1,,,,,,4.82802,,,,,5.7,,,,8.1,,,,,
tgo,Togo,,,,,,,,,,,,,,,,,,,,,,,,,,,,33.9,,,,,,,,,,23.5,,25.74341,,,,,,16.38839,,,,15.17595,,,,19.9,,,23.8,,,,,,,
tha,Thailand,,,,,,,,,,14.8,,,26.3,,33.3,,,53.4,,,58.2,,,62.2,,,65.5,,66.2,,,,73.9,,,73.6,72.2,,,,77.8,,,,,76.66148,,,79.6,,,,79.27499,,,78.34457,,,72.96652,,,72.8,,
tjk,Tajikistan,,,,,,,,,,,,,,,,,,,,,,,,,,,,,,,,,,,,,,,,33.91635,,,,,37.94955,,37.1,,,,,27.9,,,,,29.3,,,,,,,
tkm,Turkmenistan,,,,,,,,,,,,,,,,,,,,,,,,,,,,,,,,,,,,,,,,61.8,,,,,,48.00119,,,,,,,,,,50.2061,,,49.67636,,,,,
tls,Timor-Leste,,,,,,,,,,,,,,,,,,,,,,,,,,,,,,,25.1,,,22.6,,,26.7,,,,8,,10,,,,19.8,,,22.3,,,,,,26,,,,,,,,
ton,Tonga,,,,,,,,,,,,,,,,,,,,,,,,,,,,,,,,,,,,,,,,,,,,,,,,,,,,34.1,,,,,,,29.28956,,,,,
tto,Trinidad and Tobago,,,,,,,,,,,44,,,,,,52,,,,,,,,,,52.7,,,,,,,,,,,,,38.2321,,,,,,42.51738,,,,,40.29323,,,,,,,,,,,36.5,,
tun,Tunisia,,,,,,,,,,,,,,,,,,31.4,,,,,41.1,,,,,49.8,,,,,,,60,,,,,65.5,62.6,,,,,60.2,,,,,,62.52406,,,,,,50.7,,,,,54,
tur,Turkey,,,22.1,,,,,31.6,,,,,36.8,,,,,50.4,,,,,50.6,,,,,63.3,,,,,62.6,,,,,63.9,,,,,71,,,,,73,,,,,73.5,,,,,69.8,,,,,,
tuv,Tuvalu,,,,,,,,,,,,,,,,,,,,,,,,,,,,,,,,,,,,,,,,,,,,,,,30.5,,,,,,,,,,,,,23.66719,,,,
tza,Tanzania,,,,,,,,,,,,,,,,,,,,,,,,,,,,,,,,10.4,,20.4,,18.4,,,25.4,,,,,28.2,26.4,,,,,34.4,,,,,,38.4,,,,,,37.6,,
uga,Uganda,,,,,,,,,,,,,,,,,,,,,,,,,,,,,4.9,,,,,,14.8,,,,,,22.8,,,,19.7,23.7,,,,,30,,,27.30463,34.65759,39,41.03525,42.58734,,45.17767,51.52949,43,,
ukr,Ukraine,,,,,,,,,,,,,,,,,,,,,,,,,,,,,,,,,,,,,,,67.5,71.6,,,,,65.55022,,66.7,,,,,65.45887,,,,,,,,,,,,
ury,Uruguay,,,,,,,,,,,,,,,,,,,,,,,,,,83,,,,,,,,,,,,,,,,,,77,,,,,,,,,,,,,,,,,,,,
usa,USA,,,,,66.5,,,,,67.6,,,69.6,,79,67.7,,,,,,69.7,,,,,,74.3,,70.7,,,,,76.4,,,,,,,72.83427,,,,,,77.10784,,76.42242,,,,,72.70028,,75.93718,,73.9,,,,,
uzb,Uzbekistan,,,,,,,,,,,,,,,,,,,,,,,,,,,,,,,,,,,,55.6,,,,67.23019,,67.7,,,,64.92506,,,,,,,,,,,,,,,,58.8,,
vct,St. Vincent and the Grenadines,,,,,,,,,,,,,,,,,,,,,55.5,,,,,,,58.3,,,,,,,,,,,,,,,,,,,,,,,,,,,,,,,,,,,,
ven,Venezuela,,,,,,,,,,,,,,,,,50,,,,,,,,,,,,,,,,58,,,,,70.3,,,,,,,,,,,,74.99125,,,,,,,,,,,,,,
vnm,Vietnam,,,,,,,,,,,,,,,,,,,,,,,,,,,,53.18,,,,,,65,,,75.3,71.9,,74.15326,73.9,78.5,75,75.7,,75.73011,79.01833,79.4279,,78.0038,77.77497,76.20936,77.19838,75.71918,75.68462,77.6,76.4,76.48514,,,72.8,,,
vut,Vanuatu,,,,,,,,,,,,,,,,,,,,,,,,24.4,,,,,,,,,,,,,,,,,,,,,,,,38.42834,,,,,49,,,,,,,,,,,
wsm,Samoa,,,,,,,,,,,,,,,,,,,,,,,,,,,,,,,,,,,,,,,,,,,,,,,,,28.7,,,,,26.9,,,,,,16.58586,,,,
yem,Yemen,,,,,,,,,,,,,,,,,,,1.7,,,,,,,,,,,,,9.7,,,,,20.8,,,,,,23.1,,,27.65291,,,,,,,33.5,,,,,,,,,,,
zaf,South Africa,,,,,,,,,,,,,,,,,,,,,,,,,,,,,49.7,,,,,,,,,56.3,,,,,59.9,,,,,,,,,,,,,54.6,,,,,,,,
zmb,Zambia,,,,,,,,,,,,,,,,,,,,,,,,,,,,,,,,15.2,,,,25.9,,,22.1417,,,34.2,,,,,40.8,,,,,,,49,,,,49.6,,,,,,
zwe,Zimbabwe,,,,,,,,,,,,,,,,,,,,,,,,38.4,,,,43.1,,,,,,48.1,,,,,53.5,,,,,,,60.2,,,64.94911,,58.5,,,66.97055,66.8,,,,,,,,,
